name,address,phone,email,visit_minutes,cadence_days,due_by
Diego Gonzalez,"2398 Arcola Ave, Wheaton, MD 20902",(301) 555-9755,diego.gonzalez@example.com,45,60,2026-10-01
David Smith,"11016 Bells Mill Rd, Potomac, MD 20854",(240) 555-3742,david.smith@example.com,30,60,2026-09-21
Andrew Khan,"2562 Clopper Rd, Gaithersburg, MD 20878",(301) 555-1541,andrew.khan@example.com,45,60,2026-09-18
Matthew Lewis,"18744 Hughes Rd, Poolesville, MD 20837",(240) 555-7571,matthew.lewis@example.com,30,60,2026-08-15
Andrew Torres,"12199 Hungerford Dr, Rockville, MD 20850",(301) 555-3895,andrew.torres@example.com,60,60,2026-09-22
Ivan Thompson,"14812 Great Falls Rd, Rockville, MD 20850",(240) 555-9282,ivan.thompson@example.com,30,60,2026-08-31
Susan Young,"6909 Cordell Ave, Bethesda, MD 20814",(240) 555-1821,susan.young@example.com,45,60,2026-08-16
Christopher Wright,"13878 Frederick Rd, Clarksburg, MD 20871",(301) 555-2457,christopher.wright@example.com,45,60,2026-10-12
Olga Jackson,"5165 National Dr, Burtonsville, MD 20866",(240) 555-2219,olga.jackson@example.com,30,60,2026-10-22
Jose Thompson,"11060 Tuckerman Ln, Potomac, MD 20854",(301) 555-4843,jose.thompson@example.com,45,60,2026-10-12
Sarah Mensah,"9307 Wisconsin Ave, Bethesda, MD 20814",(301) 555-4792,sarah.mensah@example.com,45,60,2026-08-19
Hyun Rodriguez,"9427 Democracy Blvd, Bethesda, MD 20814",(301) 555-5159,hyun.rodriguez@example.com,60,60,2026-09-09
Kwame Smith,"9031 Randolph Rd, Wheaton, MD 20902",(301) 555-8283,kwame.smith@example.com,45,60,2026-10-10
Priya Williams,"7967 Wayne Ave, Silver Spring, MD 20901",(301) 555-2243,priya.williams@example.com,30,60,2026-10-13
David Scott,"6918 Wisconsin Ave, Bethesda, MD 20814",(301) 555-6306,david.scott@example.com,60,60,2026-08-29
John Young,"9493 Dale Dr, Silver Spring, MD 20901",(240) 555-2938,john.young@example.com,30,60,2026-09-17
Matthew Hill,"6639 Wayne Ave, Silver Spring, MD 20901",(301) 555-6542,matthew.hill@example.com,30,60,2026-09-10
Diego Clark,"3185 Sligo Creek Pkwy, Silver Spring, MD 20901",(301) 555-5635,diego.clark@example.com,45,60,2026-10-06
Andrew Moore,"20313 Kings Valley Rd, Damascus, MD 20872",(301) 555-5478,andrew.moore@example.com,30,60,2026-09-28
Ahmed Martin,"890 Wootton Pkwy, Rockville, MD 20850",(301) 555-1621,ahmed.martin@example.com,45,60,2026-08-22
Patricia Martin,"15620 Prince Philip Dr, Olney, MD 20832",(301) 555-4342,patricia.martin@example.com,45,60,2026-10-20
Sandra Lewis,"9595 Battery Ln, Bethesda, MD 20814",(240) 555-8444,sandra.lewis@example.com,60,60,2026-09-04
Christopher Nakamura,"5914 East-West Hwy, Chevy Chase, MD 20815",(301) 555-8343,christopher.nakamura@example.com,45,60,2026-10-10
Emily Sanchez,"3059 Connecticut Ave, Kensington, MD 20895",(301) 555-4724,emily.sanchez@example.com,45,60,2026-10-15
Jose Hernandez,"12966 Bonifant St, Silver Spring, MD 20901",(240) 555-8295,jose.hernandez@example.com,30,60,2026-09-25
James Thompson,"8756 Seven Locks Rd, Potomac, MD 20854",(240) 555-8245,james.thompson@example.com,45,60,2026-10-18
Michelle Lopez,"17372 Crystal Rock Dr, Germantown, MD 20874",(301) 555-7840,michelle.lopez@example.com,30,60,2026-10-24
Omar Flores,"6107 Maryland Ave, Rockville, MD 20850",(240) 555-6548,omar.flores@example.com,45,60,2026-08-27
Luis Okafor,"10384 Fenton St, Silver Spring, MD 20901",(301) 555-8138,luis.okafor@example.com,60,60,2026-09-11
David Lopez,"18494 Apple Ridge Rd, Montgomery Village, MD 20886",(240) 555-2005,david.lopez@example.com,45,60,2026-10-09
Grace Wang,"8209 Diamond Ave, Gaithersburg, MD 20878",(301) 555-9703,grace.wang@example.com,30,60,2026-09-16
Paul Brown,"10217 Olney-Sandy Spring Rd, Olney, MD 20832",(301) 555-4849,paul.brown@example.com,45,60,2026-09-07
Diego Mensah,"5107 Knowles Ave, Kensington, MD 20895",(240) 555-7623,diego.mensah@example.com,45,60,2026-09-08
Priya Kim,"6972 Colesville Rd, Silver Spring, MD 20901",(301) 555-2310,priya.kim@example.com,45,60,2026-10-17
Mark Hill,"4862 Wisconsin Ave, Bethesda, MD 20814",(240) 555-3011,mark.hill@example.com,45,60,2026-10-23
Luis Hernandez,"14014 Great Seneca Hwy, Germantown, MD 20874",(301) 555-5923,luis.hernandez@example.com,45,60,2026-10-05
Aisha Thomas,"6611 Clopper Rd, Gaithersburg, MD 20878",(240) 555-5746,aisha.thomas@example.com,30,60,2026-09-04
Robert Robinson,"7075 Wayne Ave, Silver Spring, MD 20901",(301) 555-4063,robert.robinson@example.com,45,60,2026-09-08
Joseph Moore,"12113 University Blvd, Wheaton, MD 20902",(240) 555-9673,joseph.moore@example.com,60,60,2026-09-12
Maria Lewis,"5141 Democracy Blvd, Bethesda, MD 20814",(301) 555-4217,maria.lewis@example.com,30,60,2026-10-04
Betty Ali,"23369 Sweepstakes Rd, Damascus, MD 20872",(301) 555-5759,betty.ali@example.com,60,60,2026-08-22
Jessica Harris,"13395 Hungerford Dr, Rockville, MD 20850",(301) 555-9481,jessica.harris@example.com,45,60,2026-09-12
Sandra Okafor,"12312 Seven Locks Rd, Potomac, MD 20854",(240) 555-7402,sandra.okafor@example.com,60,60,2026-10-16
Olga Wilson,"14428 Wisteria Dr, Germantown, MD 20874",(301) 555-5225,olga.wilson@example.com,60,60,2026-08-29
Jessica Torres,"10980 Hungerford Dr, Rockville, MD 20850",(301) 555-7469,jessica.torres@example.com,30,60,2026-08-10
Hyun Perez,"12955 Middlebrook Rd, Germantown, MD 20874",(240) 555-7514,hyun.perez@example.com,45,60,2026-08-25
Kimberly Walker,"4604 Plyers Mill Rd, Kensington, MD 20895",(240) 555-2719,kimberly.walker@example.com,45,60,2026-09-22
Hyun Wilson,"8490 Piney Branch Rd, Silver Spring, MD 20901",(240) 555-5929,hyun.wilson@example.com,45,60,2026-09-03
Steven Moore,"11595 Clopper Rd, Germantown, MD 20874",(240) 555-3621,steven.moore@example.com,45,60,2026-09-01
Christopher Gonzalez,"3259 Elkin St, Wheaton, MD 20902",(301) 555-3659,christopher.gonzalez@example.com,45,60,2026-08-28
Lisa King,"14774 Foreman Blvd, Clarksburg, MD 20871",(301) 555-2963,lisa.king@example.com,45,60,2026-08-26
Aisha Taylor,"9870 Falls Rd, Potomac, MD 20854",(301) 555-7647,aisha.taylor@example.com,30,60,2026-08-23
Yuki Okafor,"6355 Arcola Ave, Wheaton, MD 20902",(301) 555-9649,yuki.okafor@example.com,45,60,2026-09-06
Ana Wilson,"18467 Middlebrook Rd, Germantown, MD 20874",(301) 555-4427,ana.wilson@example.com,45,60,2026-09-17
Jose Khan,"21293 Snowden Farm Pkwy, Clarksburg, MD 20871",(301) 555-7191,jose.khan@example.com,30,60,2026-10-11
Lisa Williams,"13157 Whetstone Dr, Montgomery Village, MD 20886",(240) 555-5063,lisa.williams@example.com,45,60,2026-10-03
Jessica Young,"5738 Kentlands Blvd, Gaithersburg, MD 20878",(240) 555-9449,jessica.young@example.com,45,60,2026-08-11
Grace Johnson,"6773 New Hampshire Ave, Takoma Park, MD 20912",(301) 555-7630,grace.johnson@example.com,30,60,2026-08-28
Raj Lopez,"18192 Middlebrook Rd, Germantown, MD 20874",(301) 555-5978,raj.lopez@example.com,45,60,2026-10-02
Karen Jackson,"18676 Centerway Rd, Montgomery Village, MD 20886",(301) 555-9555,karen.jackson@example.com,45,60,2026-09-10
Anthony Ramirez,"8261 Emory Ln, Olney, MD 20832",(240) 555-5535,anthony.ramirez@example.com,30,60,2026-09-18
Joseph Scott,"8031 Fenton St, Silver Spring, MD 20901",(240) 555-9916,joseph.scott@example.com,45,60,2026-10-23
Betty Harris,"2379 Whetstone Dr, Gaithersburg, MD 20878",(240) 555-2170,betty.harris@example.com,60,60,2026-10-18
Jennifer Ali,"5191 Whetstone Dr, Gaithersburg, MD 20878",(301) 555-6559,jennifer.ali@example.com,60,60,2026-09-16
Jose Gonzalez,"2229 Muddy Branch Rd, Gaithersburg, MD 20878",(301) 555-1485,jose.gonzalez@example.com,45,60,2026-10-16
Linda Wilson,"7812 Bradley Ln, Chevy Chase, MD 20815",(240) 555-1166,linda.wilson@example.com,30,60,2026-10-01
Karen Williams,"7074 Maple Ave, Takoma Park, MD 20912",(240) 555-1266,karen.williams@example.com,60,60,2026-10-14
Linda Mensah,"15723 Maryland Ave, Rockville, MD 20850",(301) 555-6153,linda.mensah@example.com,45,60,2026-08-25
David Williams,"8950 Emory Ln, Olney, MD 20832",(301) 555-3896,david.williams@example.com,30,60,2026-09-17
Margaret Wilson,"5226 Bradley Blvd, Bethesda, MD 20814",(301) 555-5800,margaret.wilson@example.com,45,60,2026-10-17
Betty Ramirez,"4558 Hungerford Dr, Rockville, MD 20850",(301) 555-7044,betty.ramirez@example.com,30,60,2026-10-07
Aisha Johnson,"2621 Firstfield Rd, Gaithersburg, MD 20878",(301) 555-4416,aisha.johnson@example.com,45,60,2026-09-17
Wei Harris,"14777 Kings Valley Rd, Damascus, MD 20872",(240) 555-2675,wei.harris@example.com,45,60,2026-08-29
Jessica Walker,"8323 Clopper Rd, Gaithersburg, MD 20878",(301) 555-4038,jessica.walker@example.com,60,60,2026-08-29
James Jones,"16660 Prince Philip Dr, Olney, MD 20832",(301) 555-7489,james.jones@example.com,45,60,2026-08-24
Charles Okafor,"6424 Maple Ave, Takoma Park, MD 20912",(301) 555-8354,charles.okafor@example.com,45,60,2026-10-24
Paul Wright,"7263 Elkin St, Wheaton, MD 20902",(301) 555-2463,paul.wright@example.com,30,60,2026-09-17
John Wright,"5511 Old Columbia Pike, Burtonsville, MD 20866",(240) 555-1667,john.wright@example.com,30,60,2026-09-14
Jessica Thompson,"9557 Veirs Mill Rd, Rockville, MD 20850",(301) 555-6388,jessica.thompson@example.com,45,60,2026-08-30
Luis Hill,"10159 University Blvd, Silver Spring, MD 20901",(301) 555-5273,luis.hill@example.com,45,60,2026-09-16
Raj Thomas,"5168 Kentlands Blvd, Gaithersburg, MD 20878",(301) 555-2562,raj.thomas@example.com,60,60,2026-10-19
Ashley White,"21435 Frederick Rd, Clarksburg, MD 20871",(301) 555-3582,ashley.white@example.com,60,60,2026-09-07
Jessica Patel,"6520 Quince Orchard Rd, Gaithersburg, MD 20878",(301) 555-6729,jessica.patel@example.com,45,60,2026-10-15
Joseph Rodriguez,"17773 Great Seneca Hwy, Germantown, MD 20874",(301) 555-3086,joseph.rodriguez@example.com,60,60,2026-10-15
Matthew Gonzalez,"3414 Woodside Pkwy, Silver Spring, MD 20901",(240) 555-8489,matthew.gonzalez@example.com,30,60,2026-10-02
David Patel,"3250 Cedar Pkwy, Chevy Chase, MD 20815",(240) 555-1289,david.patel@example.com,45,60,2026-09-17
Ana Hernandez,"11451 University Blvd, Silver Spring, MD 20901",(301) 555-2509,ana.hernandez@example.com,30,60,2026-08-30
Priya Walker,"19891 Stedwick Rd, Montgomery Village, MD 20886",(240) 555-5341,priya.walker@example.com,60,60,2026-09-24
Sandra Walker,"8087 Diamond Ave, Gaithersburg, MD 20878",(240) 555-7714,sandra.walker@example.com,45,60,2026-08-11
Sandra Williams,"14394 Crystal Rock Dr, Germantown, MD 20874",(301) 555-4000,sandra.williams@example.com,30,60,2026-09-22
Robert Perez,"8675 Falls Rd, Potomac, MD 20854",(240) 555-5445,robert.perez@example.com,45,60,2026-09-17
Richard Clark,"3796 Knowles Ave, Kensington, MD 20895",(240) 555-4627,richard.clark@example.com,30,60,2026-09-11
Mark Lee,"15993 Whetstone Dr, Montgomery Village, MD 20886",(301) 555-7929,mark.lee@example.com,30,60,2026-09-26
Diego Young,"1182 University Blvd, Silver Spring, MD 20901",(240) 555-2331,diego.young@example.com,45,60,2026-08-12
Karen Patel,"9071 Baltimore Rd, Rockville, MD 20850",(240) 555-7605,karen.patel@example.com,45,60,2026-10-20
Mei White,"14410 Middlebrook Rd, Germantown, MD 20874",(301) 555-4638,mei.white@example.com,30,60,2026-09-19
Robert Ramirez,"5252 Baltimore Rd, Rockville, MD 20850",(240) 555-8365,robert.ramirez@example.com,30,60,2026-10-16
Betty Thomas,"17737 Waters Landing Dr, Germantown, MD 20874",(240) 555-6303,betty.thomas@example.com,45,60,2026-09-25
Daniel King,"5690 Cordell Ave, Bethesda, MD 20814",(301) 555-1673,daniel.king@example.com,30,60,2026-08-29
Mei Jones,"13192 Father Hurley Blvd, Germantown, MD 20874",(240) 555-2532,mei.jones@example.com,45,60,2026-10-23
